[{"Id":"31f0bef0-5358-11ea-a6cb-dd0e7515cffb","Name":"Test Spell 2","Level":4,"School":"Evocation","Components":["V","S","M"],"Damage":"2d6+2","Desc":"This spell was sent via POST"},{"Id":"a70502d0-5738-11ea-b366-fd0d46212001","Name":"Test Spell 3","Level":8,"School":"Necromancy","Components":["S","M"],"Damage":"4d6","Desc":"This spell was sent via POST"},{"Id":"d5d378e0-623b-11ea-b58b-270b60ce0ef4","Name":"Ray of Frost","Level":0,"School":"Evocation","Components":"V,S,M","Damage":"1d8","Desc":"Shoots cold"},{"Id":"660bdaf0-62bf-11ea-8031-87d435f1f8d1","Name":"Fireball","Level":3,"School":"Evocation","Components":"V,S,M","Damage":"8d6","Desc":"Hella Damage"},{"Id":"c1c9a650-72b0-11ea-81d2-71240826e150","Name":"spell","Level":3,"School":"Evocation","Components":"V,S,M","Damage":"2d6+2","Desc":"Hello World"}]