[{"Name":"test","Password":"password","Chars":["bf87c250-5735-11ea-b538-0b01d317a8d3","16e83a50-58be-11ea-99e1-19c9691e0ea3","f58d2440-58c9-11ea-86fc-432b007d8fdc","5453e270-5d4d-11ea-814d-698ab2a50adc"]},{"Name":"test2","Password":"password123","Chars":[]},{"Name":"muppet2011ad","Password":"secret","Chars":[]},{"Name":"jsbl33","Password":"durham","Chars":[]},{"Name":"muppet2011ad","Password":"secret","Chars":[]},{"Name":"steven","Password":"password","Chars":["52f24a40-710f-11ea-8d9f-69b9e0bfc6ed"]}]